source_file,date_time_original,model
/Users/lucyschick/Library/CloudStorage/OneDrive-Personal/Projects/2024-073-sern-peace-fish-passage/data/photos/125261/IMG_6111.JPG,2024:09:11 15:49:35,iPhone 13 Pro Max
/Users/lucyschick/Library/CloudStorage/OneDrive-Personal/Projects/2024-073-sern-peace-fish-passage/data/photos/125261/20240911_160649_road.JPG,2024:09:11 15:49:35,iPhone 13 Pro Max
/Users/lucyschick/Library/CloudStorage/OneDrive-Personal/Projects/2024-073-sern-peace-fish-passage/data/photos/125261/IMG_6113.JPG,2024:09:11 15:50:27,iPhone 13 Pro Max
/Users/lucyschick/Library/CloudStorage/OneDrive-Personal/Projects/2024-073-sern-peace-fish-passage/data/photos/125261/20240911_160706_downstream.JPG,2024:09:11 15:50:27,iPhone 13 Pro Max
/Users/lucyschick/Library/CloudStorage/OneDrive-Personal/Projects/2024-073-sern-peace-fish-passage/data/photos/125261/IMG_6114.JPG,2024:09:11 15:51:07,iPhone 13 Pro Max
/Users/lucyschick/Library/CloudStorage/OneDrive-Personal/Projects/2024-073-sern-peace-fish-passage/data/photos/125261/20240911_160703_outlet.JPG,2024:09:11 15:51:07,iPhone 13 Pro Max
/Users/lucyschick/Library/CloudStorage/OneDrive-Personal/Projects/2024-073-sern-peace-fish-passage/data/photos/125261/IMG_6115.JPG,2024:09:11 15:51:22,iPhone 13 Pro Max
/Users/lucyschick/Library/CloudStorage/OneDrive-Personal/Projects/2024-073-sern-peace-fish-passage/data/photos/125261/20240911_160652_barrel.JPG,2024:09:11 15:51:22,iPhone 13 Pro Max
/Users/lucyschick/Library/CloudStorage/OneDrive-Personal/Projects/2024-073-sern-peace-fish-passage/data/photos/125261/IMG_6116.JPG,2024:09:11 16:01:55,iPhone 13 Pro Max
/Users/lucyschick/Library/CloudStorage/OneDrive-Personal/Projects/2024-073-sern-peace-fish-passage/data/photos/125261/20240911_160659_inlet.JPG,2024:09:11 16:01:55,iPhone 13 Pro Max
/Users/lucyschick/Library/CloudStorage/OneDrive-Personal/Projects/2024-073-sern-peace-fish-passage/data/photos/125261/IMG_6117.JPG,2024:09:11 16:02:00,iPhone 13 Pro Max
/Users/lucyschick/Library/CloudStorage/OneDrive-Personal/Projects/2024-073-sern-peace-fish-passage/data/photos/125261/20240911_160656_upstream.JPG,2024:09:11 16:02:00,iPhone 13 Pro Max
/Users/lucyschick/Library/CloudStorage/OneDrive-Personal/Projects/2024-073-sern-peace-fish-passage/data/photos/sorted/24755464/IMG_5846.JPG,2024:09:04 15:34:31,iPhone 13 Pro Max
/Users/lucyschick/Library/CloudStorage/OneDrive-Personal/Projects/2024-073-sern-peace-fish-passage/data/photos/sorted/24755464/20240904_153848_road.JPG,2024:09:04 15:34:31,iPhone 13 Pro Max
/Users/lucyschick/Library/CloudStorage/OneDrive-Personal/Projects/2024-073-sern-peace-fish-passage/data/photos/sorted/24755464/IMG_5847.JPG,2024:09:04 15:37:14,iPhone 13 Pro Max
/Users/lucyschick/Library/CloudStorage/OneDrive-Personal/Projects/2024-073-sern-peace-fish-passage/data/photos/sorted/24755464/20240904_153909_upstream.JPG,2024:09:04 15:37:14,iPhone 13 Pro Max
/Users/lucyschick/Library/CloudStorage/OneDrive-Personal/Projects/2024-073-sern-peace-fish-passage/data/photos/sorted/24755464/IMG_5848.JPG,2024:09:04 15:37:30,iPhone 13 Pro Max
/Users/lucyschick/Library/CloudStorage/OneDrive-Personal/Projects/2024-073-sern-peace-fish-passage/data/photos/sorted/24755464/20240904_153914_downstream.JPG,2024:09:04 15:37:30,iPhone 13 Pro Max
/Users/lucyschick/Library/CloudStorage/OneDrive-Personal/Projects/2024-073-sern-peace-fish-passage/data/photos/sorted/24755464/IMG_5849.JPG,2024:09:04 15:39:49,iPhone 13 Pro Max
/Users/lucyschick/Library/CloudStorage/OneDrive-Personal/Projects/2024-073-sern-peace-fish-passage/data/photos/sorted/24755464/20240904_154100_inlet.JPG,2024:09:04 15:39:49,iPhone 13 Pro Max
/Users/lucyschick/Library/CloudStorage/OneDrive-Personal/Projects/2024-073-sern-peace-fish-passage/data/photos/sorted/24755464/IMG_5850.JPG,2024:09:04 15:40:05,iPhone 13 Pro Max
/Users/lucyschick/Library/CloudStorage/OneDrive-Personal/Projects/2024-073-sern-peace-fish-passage/data/photos/sorted/24755464/20240904_154109_barrel.JPG,2024:09:04 15:40:05,iPhone 13 Pro Max
/Users/lucyschick/Library/CloudStorage/OneDrive-Personal/Projects/2024-073-sern-peace-fish-passage/data/photos/sorted/24755464/IMG_5851.JPG,2024:09:04 15:40:36,iPhone 13 Pro Max
/Users/lucyschick/Library/CloudStorage/OneDrive-Personal/Projects/2024-073-sern-peace-fish-passage/data/photos/sorted/24755464/20240904_154054_outlet.JPG,2024:09:04 15:40:36,iPhone 13 Pro Max
/Users/lucyschick/Library/CloudStorage/OneDrive-Personal/Projects/2024-073-sern-peace-fish-passage/data/photos/sorted/24755465/TC_00000.JPG,2024:09:04 15:49:49,iPhone 12 mini
/Users/lucyschick/Library/CloudStorage/OneDrive-Personal/Projects/2024-073-sern-peace-fish-passage/data/photos/sorted/24755465/20240904_155834_road.JPG,2024:09:04 15:49:49,iPhone 12 mini
/Users/lucyschick/Library/CloudStorage/OneDrive-Personal/Projects/2024-073-sern-peace-fish-passage/data/photos/sorted/24755465/TC_00001.JPG,2024:09:04 15:57:33,iPhone 12 mini
/Users/lucyschick/Library/CloudStorage/OneDrive-Personal/Projects/2024-073-sern-peace-fish-passage/data/photos/sorted/24755465/20240904_155910_upstream.JPG,2024:09:04 15:57:33,iPhone 12 mini
/Users/lucyschick/Library/CloudStorage/OneDrive-Personal/Projects/2024-073-sern-peace-fish-passage/data/photos/sorted/24755465/TC_00002.JPG,2024:09:04 15:57:39,iPhone 12 mini
/Users/lucyschick/Library/CloudStorage/OneDrive-Personal/Projects/2024-073-sern-peace-fish-passage/data/photos/sorted/24755465/20240904_155920_outlet.JPG,2024:09:04 15:57:39,iPhone 12 mini
/Users/lucyschick/Library/CloudStorage/OneDrive-Personal/Projects/2024-073-sern-peace-fish-passage/data/photos/sorted/24755465/TC_00003.JPG,2024:09:04 15:57:52,iPhone 12 mini
/Users/lucyschick/Library/CloudStorage/OneDrive-Personal/Projects/2024-073-sern-peace-fish-passage/data/photos/sorted/24755465/20240904_155916_inlet.JPG,2024:09:04 15:57:52,iPhone 12 mini
/Users/lucyschick/Library/CloudStorage/OneDrive-Personal/Projects/2024-073-sern-peace-fish-passage/data/photos/sorted/24755465/TC_00004.JPG,2024:09:04 15:57:58,iPhone 12 mini
/Users/lucyschick/Library/CloudStorage/OneDrive-Personal/Projects/2024-073-sern-peace-fish-passage/data/photos/sorted/24755465/20240904_155837_barrel.JPG,2024:09:04 15:57:58,iPhone 12 mini
/Users/lucyschick/Library/CloudStorage/OneDrive-Personal/Projects/2024-073-sern-peace-fish-passage/data/photos/sorted/24755465/TC_00005.JPG,2024:09:04 15:58:16,iPhone 12 mini
/Users/lucyschick/Library/CloudStorage/OneDrive-Personal/Projects/2024-073-sern-peace-fish-passage/data/photos/sorted/24755465/20240904_155931_downstream.JPG,2024:09:04 15:58:16,iPhone 12 mini
/Users/lucyschick/Library/CloudStorage/OneDrive-Personal/Projects/2024-073-sern-peace-fish-passage/data/photos/sorted/24755467/IMG_5852.JPG,2024:09:04 16:17:57,iPhone 13 Pro Max
/Users/lucyschick/Library/CloudStorage/OneDrive-Personal/Projects/2024-073-sern-peace-fish-passage/data/photos/sorted/24755467/20240904_164819_road.JPG,2024:09:04 16:17:57,iPhone 13 Pro Max
/Users/lucyschick/Library/CloudStorage/OneDrive-Personal/Projects/2024-073-sern-peace-fish-passage/data/photos/sorted/24755467/IMG_5853.JPG,2024:09:04 16:18:20,iPhone 13 Pro Max
/Users/lucyschick/Library/CloudStorage/OneDrive-Personal/Projects/2024-073-sern-peace-fish-passage/data/photos/sorted/24755467/20240904_164910_upstream.JPG,2024:09:04 16:18:20,iPhone 13 Pro Max
/Users/lucyschick/Library/CloudStorage/OneDrive-Personal/Projects/2024-073-sern-peace-fish-passage/data/photos/sorted/24755467/IMG_5854.JPG,2024:09:04 16:18:38,iPhone 13 Pro Max
/Users/lucyschick/Library/CloudStorage/OneDrive-Personal/Projects/2024-073-sern-peace-fish-passage/data/photos/sorted/24755467/20240904_164932_inlet.JPG,2024:09:04 16:18:38,iPhone 13 Pro Max
/Users/lucyschick/Library/CloudStorage/OneDrive-Personal/Projects/2024-073-sern-peace-fish-passage/data/photos/sorted/24755467/IMG_5855.JPG,2024:09:04 16:20:27,iPhone 13 Pro Max
/Users/lucyschick/Library/CloudStorage/OneDrive-Personal/Projects/2024-073-sern-peace-fish-passage/data/photos/sorted/24755467/20240904_164942_downstream.JPG,2024:09:04 16:20:27,iPhone 13 Pro Max
/Users/lucyschick/Library/CloudStorage/OneDrive-Personal/Projects/2024-073-sern-peace-fish-passage/data/photos/sorted/24755467/IMG_5856.JPG,2024:09:04 16:21:20,iPhone 13 Pro Max
/Users/lucyschick/Library/CloudStorage/OneDrive-Personal/Projects/2024-073-sern-peace-fish-passage/data/photos/sorted/24755467/20240904_164937_outlet.JPG,2024:09:04 16:21:20,iPhone 13 Pro Max
/Users/lucyschick/Library/CloudStorage/OneDrive-Personal/Projects/2024-073-sern-peace-fish-passage/data/photos/sorted/24755467/IMG_5857.JPG,2024:09:04 16:37:59,iPhone 13 Pro Max
/Users/lucyschick/Library/CloudStorage/OneDrive-Personal/Projects/2024-073-sern-peace-fish-passage/data/photos/sorted/24755467/20240904_170120_paper_card.JPG,2024:09:04 16:37:59,iPhone 13 Pro Max
/Users/lucyschick/Library/CloudStorage/OneDrive-Personal/Projects/2024-073-sern-peace-fish-passage/data/photos/sorted/24755467/IMG_5858.JPG,2024:09:04 16:48:58,iPhone 13 Pro Max
/Users/lucyschick/Library/CloudStorage/OneDrive-Personal/Projects/2024-073-sern-peace-fish-passage/data/photos/sorted/24755467/20240904_164904_barrel.JPG,2024:09:04 16:48:58,iPhone 13 Pro Max
/Users/lucyschick/Library/CloudStorage/OneDrive-Personal/Projects/2024-073-sern-peace-fish-passage/data/photos/sorted/24755467/IMG_5859.JPG,2024:09:04 16:50:13,iPhone 13 Pro Max
/Users/lucyschick/Library/CloudStorage/OneDrive-Personal/Projects/2024-073-sern-peace-fish-passage/data/photos/sorted/24755467/20240904_165114_embankment_fill.JPG,2024:09:04 16:50:13,iPhone 13 Pro Max
/Users/lucyschick/Library/CloudStorage/OneDrive-Personal/Projects/2024-073-sern-peace-fish-passage/data/photos/sorted/24745509/TC_00006.JPG,2024:09:04 16:59:47,iPhone 12 mini
/Users/lucyschick/Library/CloudStorage/OneDrive-Personal/Projects/2024-073-sern-peace-fish-passage/data/photos/sorted/24745509/20240904_170114_road.JPG,2024:09:04 16:59:47,iPhone 12 mini
/Users/lucyschick/Library/CloudStorage/OneDrive-Personal/Projects/2024-073-sern-peace-fish-passage/data/photos/sorted/24745509/TC_00007.JPG,2024:09:04 16:59:58,iPhone 12 mini
/Users/lucyschick/Library/CloudStorage/OneDrive-Personal/Projects/2024-073-sern-peace-fish-passage/data/photos/sorted/24745509/20240904_170129_upstream.JPG,2024:09:04 16:59:58,iPhone 12 mini
/Users/lucyschick/Library/CloudStorage/OneDrive-Personal/Projects/2024-073-sern-peace-fish-passage/data/photos/sorted/24745509/TC_00008.JPG,2024:09:04 17:00:05,iPhone 12 mini
/Users/lucyschick/Library/CloudStorage/OneDrive-Personal/Projects/2024-073-sern-peace-fish-passage/data/photos/sorted/24745509/20240904_170151_downstream.JPG,2024:09:04 17:00:05,iPhone 12 mini
/Users/lucyschick/Library/CloudStorage/OneDrive-Personal/Projects/2024-073-sern-peace-fish-passage/data/photos/sorted/24745509/TC_00009.JPG,2024:09:04 17:00:24,iPhone 12 mini
/Users/lucyschick/Library/CloudStorage/OneDrive-Personal/Projects/2024-073-sern-peace-fish-passage/data/photos/sorted/24745509/20240904_170143_inlet.JPG,2024:09:04 17:00:24,iPhone 12 mini
/Users/lucyschick/Library/CloudStorage/OneDrive-Personal/Projects/2024-073-sern-peace-fish-passage/data/photos/sorted/24745509/TC_00010.JPG,2024:09:04 17:00:32,iPhone 12 mini
/Users/lucyschick/Library/CloudStorage/OneDrive-Personal/Projects/2024-073-sern-peace-fish-passage/data/photos/sorted/24745509/20240904_170123_barrel.JPG,2024:09:04 17:00:32,iPhone 12 mini
/Users/lucyschick/Library/CloudStorage/OneDrive-Personal/Projects/2024-073-sern-peace-fish-passage/data/photos/sorted/24745509/TC_00011.JPG,2024:09:04 17:00:55,iPhone 12 mini
/Users/lucyschick/Library/CloudStorage/OneDrive-Personal/Projects/2024-073-sern-peace-fish-passage/data/photos/sorted/24745509/20240904_170147_outlet.JPG,2024:09:04 17:00:55,iPhone 12 mini
/Users/lucyschick/Library/CloudStorage/OneDrive-Personal/Projects/2024-073-sern-peace-fish-passage/data/photos/sorted/16601979/TC_00012.JPG,2024:09:04 17:10:48,iPhone 12 mini
/Users/lucyschick/Library/CloudStorage/OneDrive-Personal/Projects/2024-073-sern-peace-fish-passage/data/photos/sorted/16601979/20240904_171200_road.JPG,2024:09:04 17:10:48,iPhone 12 mini
/Users/lucyschick/Library/CloudStorage/OneDrive-Personal/Projects/2024-073-sern-peace-fish-passage/data/photos/sorted/16601979/TC_00013.JPG,2024:09:04 17:10:55,iPhone 12 mini
/Users/lucyschick/Library/CloudStorage/OneDrive-Personal/Projects/2024-073-sern-peace-fish-passage/data/photos/sorted/16601979/20240904_171219_upstream.JPG,2024:09:04 17:10:55,iPhone 12 mini
/Users/lucyschick/Library/CloudStorage/OneDrive-Personal/Projects/2024-073-sern-peace-fish-passage/data/photos/sorted/16601979/TC_00014.JPG,2024:09:04 17:11:01,iPhone 12 mini
/Users/lucyschick/Library/CloudStorage/OneDrive-Personal/Projects/2024-073-sern-peace-fish-passage/data/photos/sorted/16601979/20240904_171234_downstream.JPG,2024:09:04 17:11:01,iPhone 12 mini
/Users/lucyschick/Library/CloudStorage/OneDrive-Personal/Projects/2024-073-sern-peace-fish-passage/data/photos/sorted/16601979/TC_00015.JPG,2024:09:04 17:11:18,iPhone 12 mini
/Users/lucyschick/Library/CloudStorage/OneDrive-Personal/Projects/2024-073-sern-peace-fish-passage/data/photos/sorted/16601979/20240904_171223_inlet.JPG,2024:09:04 17:11:18,iPhone 12 mini
/Users/lucyschick/Library/CloudStorage/OneDrive-Personal/Projects/2024-073-sern-peace-fish-passage/data/photos/sorted/16601979/TC_00016.JPG,2024:09:04 17:11:25,iPhone 12 mini
/Users/lucyschick/Library/CloudStorage/OneDrive-Personal/Projects/2024-073-sern-peace-fish-passage/data/photos/sorted/16601979/20240904_171214_barrel.JPG,2024:09:04 17:11:25,iPhone 12 mini
/Users/lucyschick/Library/CloudStorage/OneDrive-Personal/Projects/2024-073-sern-peace-fish-passage/data/photos/sorted/16601979/TC_00017.JPG,2024:09:04 17:11:38,iPhone 12 mini
/Users/lucyschick/Library/CloudStorage/OneDrive-Personal/Projects/2024-073-sern-peace-fish-passage/data/photos/sorted/16601979/20240904_171229_outlet.JPG,2024:09:04 17:11:38,iPhone 12 mini
/Users/lucyschick/Library/CloudStorage/OneDrive-Personal/Projects/2024-073-sern-peace-fish-passage/data/photos/sorted/16604219/IMG_5860.JPG,2024:09:04 17:18:45,iPhone 13 Pro Max
/Users/lucyschick/Library/CloudStorage/OneDrive-Personal/Projects/2024-073-sern-peace-fish-passage/data/photos/sorted/16604219/20240904_172242_road.JPG,2024:09:04 17:18:45,iPhone 13 Pro Max
/Users/lucyschick/Library/CloudStorage/OneDrive-Personal/Projects/2024-073-sern-peace-fish-passage/data/photos/sorted/16604219/IMG_5862.JPG,2024:09:04 17:20:09,iPhone 13 Pro Max
/Users/lucyschick/Library/CloudStorage/OneDrive-Personal/Projects/2024-073-sern-peace-fish-passage/data/photos/sorted/16604219/20240904_172310_upstream.JPG,2024:09:04 17:20:09,iPhone 13 Pro Max
/Users/lucyschick/Library/CloudStorage/OneDrive-Personal/Projects/2024-073-sern-peace-fish-passage/data/photos/sorted/16604219/IMG_5863.JPG,2024:09:04 17:20:20,iPhone 13 Pro Max
/Users/lucyschick/Library/CloudStorage/OneDrive-Personal/Projects/2024-073-sern-peace-fish-passage/data/photos/sorted/16604219/20240904_172319_inlet.JPG,2024:09:04 17:20:20,iPhone 13 Pro Max
/Users/lucyschick/Library/CloudStorage/OneDrive-Personal/Projects/2024-073-sern-peace-fish-passage/data/photos/sorted/16604219/IMG_5864.JPG,2024:09:04 17:20:28,iPhone 13 Pro Max
/Users/lucyschick/Library/CloudStorage/OneDrive-Personal/Projects/2024-073-sern-peace-fish-passage/data/photos/sorted/16604219/20240904_172329_downstream.JPG,2024:09:04 17:20:28,iPhone 13 Pro Max
/Users/lucyschick/Library/CloudStorage/OneDrive-Personal/Projects/2024-073-sern-peace-fish-passage/data/photos/sorted/16604219/IMG_5865.JPG,2024:09:04 17:20:36,iPhone 13 Pro Max
/Users/lucyschick/Library/CloudStorage/OneDrive-Personal/Projects/2024-073-sern-peace-fish-passage/data/photos/sorted/16604219/20240904_172323_outlet.JPG,2024:09:04 17:20:36,iPhone 13 Pro Max
/Users/lucyschick/Library/CloudStorage/OneDrive-Personal/Projects/2024-073-sern-peace-fish-passage/data/photos/sorted/16604219/IMG_5866.JPG,2024:09:04 17:21:01,iPhone 13 Pro Max
/Users/lucyschick/Library/CloudStorage/OneDrive-Personal/Projects/2024-073-sern-peace-fish-passage/data/photos/sorted/16604219/20240904_172305_barrel.JPG,2024:09:04 17:21:01,iPhone 13 Pro Max
/Users/lucyschick/Library/CloudStorage/OneDrive-Personal/Projects/2024-073-sern-peace-fish-passage/data/photos/sorted/16604219/IMG_5867.JPG,2024:09:04 17:23:49,iPhone 13 Pro Max
/Users/lucyschick/Library/CloudStorage/OneDrive-Personal/Projects/2024-073-sern-peace-fish-passage/data/photos/sorted/16604219/20240904_172411_paper_card.JPG,2024:09:04 17:23:49,iPhone 13 Pro Max
/Users/lucyschick/Library/CloudStorage/OneDrive-Personal/Projects/2024-073-sern-peace-fish-passage/data/photos/sorted/16602775/IMG_5868.JPG,2024:09:04 17:32:06,iPhone 13 Pro Max
/Users/lucyschick/Library/CloudStorage/OneDrive-Personal/Projects/2024-073-sern-peace-fish-passage/data/photos/sorted/16602775/20240904_173335_upstream.JPG,2024:09:04 17:32:06,iPhone 13 Pro Max
/Users/lucyschick/Library/CloudStorage/OneDrive-Personal/Projects/2024-073-sern-peace-fish-passage/data/photos/sorted/16602775/IMG_5869.JPG,2024:09:04 17:32:21,iPhone 13 Pro Max
/Users/lucyschick/Library/CloudStorage/OneDrive-Personal/Projects/2024-073-sern-peace-fish-passage/data/photos/sorted/16602775/20240904_173342_inlet.JPG,2024:09:04 17:32:21,iPhone 13 Pro Max
/Users/lucyschick/Library/CloudStorage/OneDrive-Personal/Projects/2024-073-sern-peace-fish-passage/data/photos/sorted/16602775/IMG_5870.JPG,2024:09:04 17:32:36,iPhone 13 Pro Max
/Users/lucyschick/Library/CloudStorage/OneDrive-Personal/Projects/2024-073-sern-peace-fish-passage/data/photos/sorted/16602775/20240904_173331_barrel.JPG,2024:09:04 17:32:36,iPhone 13 Pro Max
/Users/lucyschick/Library/CloudStorage/OneDrive-Personal/Projects/2024-073-sern-peace-fish-passage/data/photos/sorted/16602775/IMG_5871.JPG,2024:09:04 17:33:00,iPhone 13 Pro Max
/Users/lucyschick/Library/CloudStorage/OneDrive-Personal/Projects/2024-073-sern-peace-fish-passage/data/photos/sorted/16602775/20240904_173351_downstream.JPG,2024:09:04 17:33:00,iPhone 13 Pro Max
/Users/lucyschick/Library/CloudStorage/OneDrive-Personal/Projects/2024-073-sern-peace-fish-passage/data/photos/sorted/16602775/IMG_5872.JPG,2024:09:04 17:33:18,iPhone 13 Pro Max
/Users/lucyschick/Library/CloudStorage/OneDrive-Personal/Projects/2024-073-sern-peace-fish-passage/data/photos/sorted/16602775/20240904_173347_outlet.JPG,2024:09:04 17:33:18,iPhone 13 Pro Max
/Users/lucyschick/Library/CloudStorage/OneDrive-Personal/Projects/2024-073-sern-peace-fish-passage/data/photos/sorted/16602775/IMG_5873.JPG,2024:09:04 17:34:23,iPhone 13 Pro Max
/Users/lucyschick/Library/CloudStorage/OneDrive-Personal/Projects/2024-073-sern-peace-fish-passage/data/photos/sorted/16602775/20240904_173449_paper_card.JPG,2024:09:04 17:34:23,iPhone 13 Pro Max
/Users/lucyschick/Library/CloudStorage/OneDrive-Personal/Projects/2024-073-sern-peace-fish-passage/data/photos/sorted/24704177/TC_00018.JPG,2024:09:04 17:52:10,iPhone 12 mini
/Users/lucyschick/Library/CloudStorage/OneDrive-Personal/Projects/2024-073-sern-peace-fish-passage/data/photos/sorted/24704177/20240904_175610_road.JPG,2024:09:04 17:52:10,iPhone 12 mini
/Users/lucyschick/Library/CloudStorage/OneDrive-Personal/Projects/2024-073-sern-peace-fish-passage/data/photos/sorted/24704177/TC_00019.JPG,2024:09:04 17:52:26,iPhone 12 mini
/Users/lucyschick/Library/CloudStorage/OneDrive-Personal/Projects/2024-073-sern-peace-fish-passage/data/photos/sorted/24704177/20240904_175621_upstream.JPG,2024:09:04 17:52:26,iPhone 12 mini
/Users/lucyschick/Library/CloudStorage/OneDrive-Personal/Projects/2024-073-sern-peace-fish-passage/data/photos/sorted/24704177/TC_00020.JPG,2024:09:04 17:52:32,iPhone 12 mini
/Users/lucyschick/Library/CloudStorage/OneDrive-Personal/Projects/2024-073-sern-peace-fish-passage/data/photos/sorted/24704177/20240904_175633_downstream.JPG,2024:09:04 17:52:32,iPhone 12 mini
/Users/lucyschick/Library/CloudStorage/OneDrive-Personal/Projects/2024-073-sern-peace-fish-passage/data/photos/sorted/24704177/TC_00021.JPG,2024:09:04 17:53:12,iPhone 12 mini
/Users/lucyschick/Library/CloudStorage/OneDrive-Personal/Projects/2024-073-sern-peace-fish-passage/data/photos/sorted/24704177/20240904_175627_inlet.JPG,2024:09:04 17:53:12,iPhone 12 mini
/Users/lucyschick/Library/CloudStorage/OneDrive-Personal/Projects/2024-073-sern-peace-fish-passage/data/photos/sorted/24704177/TC_00022.JPG,2024:09:04 17:53:28,iPhone 12 mini
/Users/lucyschick/Library/CloudStorage/OneDrive-Personal/Projects/2024-073-sern-peace-fish-passage/data/photos/sorted/24704177/20240904_175618_barrel.JPG,2024:09:04 17:53:28,iPhone 12 mini
/Users/lucyschick/Library/CloudStorage/OneDrive-Personal/Projects/2024-073-sern-peace-fish-passage/data/photos/sorted/24704177/TC_00023.JPG,2024:09:04 17:53:51,iPhone 12 mini
/Users/lucyschick/Library/CloudStorage/OneDrive-Personal/Projects/2024-073-sern-peace-fish-passage/data/photos/sorted/24704177/20240904_175630_outlet.JPG,2024:09:04 17:53:51,iPhone 12 mini
/Users/lucyschick/Library/CloudStorage/OneDrive-Personal/Projects/2024-073-sern-peace-fish-passage/data/photos/sorted/24704177/TC_00024.JPG,2024:09:04 17:56:48,iPhone 12 mini
/Users/lucyschick/Library/CloudStorage/OneDrive-Personal/Projects/2024-073-sern-peace-fish-passage/data/photos/sorted/24704177/20240904_175707_paper_card.JPG,2024:09:04 17:56:48,iPhone 12 mini
/Users/lucyschick/Library/CloudStorage/OneDrive-Personal/Projects/2024-073-sern-peace-fish-passage/data/photos/sorted/16602771/IMG_5874.JPG,2024:09:04 18:06:10,iPhone 13 Pro Max
/Users/lucyschick/Library/CloudStorage/OneDrive-Personal/Projects/2024-073-sern-peace-fish-passage/data/photos/sorted/16602771/20240904_180807_road.JPG,2024:09:04 18:06:10,iPhone 13 Pro Max
/Users/lucyschick/Library/CloudStorage/OneDrive-Personal/Projects/2024-073-sern-peace-fish-passage/data/photos/sorted/16602771/IMG_5875.JPG,2024:09:04 18:06:32,iPhone 13 Pro Max
/Users/lucyschick/Library/CloudStorage/OneDrive-Personal/Projects/2024-073-sern-peace-fish-passage/data/photos/sorted/16602771/20240904_180821_upstream.JPG,2024:09:04 18:06:32,iPhone 13 Pro Max
/Users/lucyschick/Library/CloudStorage/OneDrive-Personal/Projects/2024-073-sern-peace-fish-passage/data/photos/sorted/16602771/IMG_5876.JPG,2024:09:04 18:07:02,iPhone 13 Pro Max
/Users/lucyschick/Library/CloudStorage/OneDrive-Personal/Projects/2024-073-sern-peace-fish-passage/data/photos/sorted/16602771/20240904_180829_inlet.JPG,2024:09:04 18:07:02,iPhone 13 Pro Max
/Users/lucyschick/Library/CloudStorage/OneDrive-Personal/Projects/2024-073-sern-peace-fish-passage/data/photos/sorted/16602771/IMG_5877.JPG,2024:09:04 18:07:16,iPhone 13 Pro Max
/Users/lucyschick/Library/CloudStorage/OneDrive-Personal/Projects/2024-073-sern-peace-fish-passage/data/photos/sorted/16602771/20240904_180818_barrel.JPG,2024:09:04 18:07:16,iPhone 13 Pro Max
/Users/lucyschick/Library/CloudStorage/OneDrive-Personal/Projects/2024-073-sern-peace-fish-passage/data/photos/sorted/16602771/IMG_5878.JPG,2024:09:04 18:07:46,iPhone 13 Pro Max
/Users/lucyschick/Library/CloudStorage/OneDrive-Personal/Projects/2024-073-sern-peace-fish-passage/data/photos/sorted/16602771/20240904_180954_downstream.JPG,2024:09:04 18:07:46,iPhone 13 Pro Max
/Users/lucyschick/Library/CloudStorage/OneDrive-Personal/Projects/2024-073-sern-peace-fish-passage/data/photos/sorted/16602771/IMG_5879.JPG,2024:09:04 18:07:54,iPhone 13 Pro Max
/Users/lucyschick/Library/CloudStorage/OneDrive-Personal/Projects/2024-073-sern-peace-fish-passage/data/photos/sorted/16602771/20240904_180951_outlet.JPG,2024:09:04 18:07:54,iPhone 13 Pro Max
/Users/lucyschick/Library/CloudStorage/OneDrive-Personal/Projects/2024-073-sern-peace-fish-passage/data/photos/sorted/16602771/IMG_5880.JPG,2024:09:04 18:10:11,iPhone 13 Pro Max
/Users/lucyschick/Library/CloudStorage/OneDrive-Personal/Projects/2024-073-sern-peace-fish-passage/data/photos/sorted/16602771/20240904_181020_paper_card.JPG,2024:09:04 18:10:11,iPhone 13 Pro Max
/Users/lucyschick/Library/CloudStorage/OneDrive-Personal/Projects/2024-073-sern-peace-fish-passage/data/photos/sorted/16602610/IMG_5881.JPG,2024:09:04 18:24:01,iPhone 13 Pro Max
/Users/lucyschick/Library/CloudStorage/OneDrive-Personal/Projects/2024-073-sern-peace-fish-passage/data/photos/sorted/16602610/20240904_185320_road.JPG,2024:09:04 18:24:01,iPhone 13 Pro Max
/Users/lucyschick/Library/CloudStorage/OneDrive-Personal/Projects/2024-073-sern-peace-fish-passage/data/photos/sorted/16602610/IMG_5882.JPG,2024:09:04 18:24:45,iPhone 13 Pro Max
/Users/lucyschick/Library/CloudStorage/OneDrive-Personal/Projects/2024-073-sern-peace-fish-passage/data/photos/sorted/16602610/20240904_185335_upstream.JPG,2024:09:04 18:24:45,iPhone 13 Pro Max
/Users/lucyschick/Library/CloudStorage/OneDrive-Personal/Projects/2024-073-sern-peace-fish-passage/data/photos/sorted/16602610/IMG_5883.JPG,2024:09:04 18:25:42,iPhone 13 Pro Max
/Users/lucyschick/Library/CloudStorage/OneDrive-Personal/Projects/2024-073-sern-peace-fish-passage/data/photos/sorted/16602610/20240904_185402_inlet.JPG,2024:09:04 18:25:42,iPhone 13 Pro Max
/Users/lucyschick/Library/CloudStorage/OneDrive-Personal/Projects/2024-073-sern-peace-fish-passage/data/photos/sorted/16602610/IMG_5884.JPG,2024:09:04 18:25:54,iPhone 13 Pro Max
/Users/lucyschick/Library/CloudStorage/OneDrive-Personal/Projects/2024-073-sern-peace-fish-passage/data/photos/sorted/16602610/20240904_185330_barrel.JPG,2024:09:04 18:25:54,iPhone 13 Pro Max
/Users/lucyschick/Library/CloudStorage/OneDrive-Personal/Projects/2024-073-sern-peace-fish-passage/data/photos/sorted/16602610/IMG_5885.JPG,2024:09:04 18:25:58,iPhone 13 Pro Max
/Users/lucyschick/Library/CloudStorage/OneDrive-Personal/Projects/2024-073-sern-peace-fish-passage/data/photos/sorted/16602610/20240904_185432_condition.JPG,2024:09:04 18:25:58,iPhone 13 Pro Max
/Users/lucyschick/Library/CloudStorage/OneDrive-Personal/Projects/2024-073-sern-peace-fish-passage/data/photos/sorted/16602610/IMG_5887.JPG,2024:09:04 18:41:15,iPhone 13 Pro Max
/Users/lucyschick/Library/CloudStorage/OneDrive-Personal/Projects/2024-073-sern-peace-fish-passage/data/photos/sorted/16602610/20240904_185422_downstream.JPG,2024:09:04 18:41:15,iPhone 13 Pro Max
/Users/lucyschick/Library/CloudStorage/OneDrive-Personal/Projects/2024-073-sern-peace-fish-passage/data/photos/sorted/16602610/IMG_5888.JPG,2024:09:04 18:47:14,iPhone 13 Pro Max
/Users/lucyschick/Library/CloudStorage/OneDrive-Personal/Projects/2024-073-sern-peace-fish-passage/data/photos/sorted/16602610/20240904_185414_outlet.JPG,2024:09:04 18:47:14,iPhone 13 Pro Max
/Users/lucyschick/Library/CloudStorage/OneDrive-Personal/Projects/2024-073-sern-peace-fish-passage/data/photos/sorted/198692/TC_00025.JPG,2024:09:05 10:25:28,iPhone 12 mini
/Users/lucyschick/Library/CloudStorage/OneDrive-Personal/Projects/2024-073-sern-peace-fish-passage/data/photos/sorted/198692/20240905_111509_road.JPG,2024:09:05 10:25:28,iPhone 12 mini
/Users/lucyschick/Library/CloudStorage/OneDrive-Personal/Projects/2024-073-sern-peace-fish-passage/data/photos/sorted/198692/TC_00026.JPG,2024:09:05 11:29:03,iPhone 12 mini
/Users/lucyschick/Library/CloudStorage/OneDrive-Personal/Projects/2024-073-sern-peace-fish-passage/data/photos/sorted/198692/20240905_112953_barrel.JPG,2024:09:05 11:29:03,iPhone 12 mini
/Users/lucyschick/Library/CloudStorage/OneDrive-Personal/Projects/2024-073-sern-peace-fish-passage/data/photos/sorted/198692/TC_00028.JPG,2024:09:05 11:29:45,iPhone 12 mini
/Users/lucyschick/Library/CloudStorage/OneDrive-Personal/Projects/2024-073-sern-peace-fish-passage/data/photos/sorted/198692/20240905_113001_inlet.JPG,2024:09:05 11:29:45,iPhone 12 mini
/Users/lucyschick/Library/CloudStorage/OneDrive-Personal/Projects/2024-073-sern-peace-fish-passage/data/photos/sorted/198692/TC_00029.JPG,2024:09:05 11:37:19,iPhone 12 mini
/Users/lucyschick/Library/CloudStorage/OneDrive-Personal/Projects/2024-073-sern-peace-fish-passage/data/photos/sorted/198692/20240905_113746_upstream.JPG,2024:09:05 11:37:19,iPhone 12 mini
/Users/lucyschick/Library/CloudStorage/OneDrive-Personal/Projects/2024-073-sern-peace-fish-passage/data/photos/sorted/198692/IMG_5895.JPG,2024:09:05 12:03:24,iPhone 13 Pro Max
/Users/lucyschick/Library/CloudStorage/OneDrive-Personal/Projects/2024-073-sern-peace-fish-passage/data/photos/sorted/198692/20240905_141657_us_typical_1.JPG,2024:09:05 12:03:24,iPhone 13 Pro Max
/Users/lucyschick/Library/CloudStorage/OneDrive-Personal/Projects/2024-073-sern-peace-fish-passage/data/photos/sorted/198692/IMG_5896.JPG,2024:09:05 12:11:03,iPhone 13 Pro Max
/Users/lucyschick/Library/CloudStorage/OneDrive-Personal/Projects/2024-073-sern-peace-fish-passage/data/photos/sorted/198692/20240905_141651_us_pool.JPG,2024:09:05 12:11:03,iPhone 13 Pro Max
/Users/lucyschick/Library/CloudStorage/OneDrive-Personal/Projects/2024-073-sern-peace-fish-passage/data/photos/sorted/198692/IMG_5897.JPG,2024:09:05 12:16:05,iPhone 13 Pro Max
/Users/lucyschick/Library/CloudStorage/OneDrive-Personal/Projects/2024-073-sern-peace-fish-passage/data/photos/sorted/198692/20240905_141644_us_gravel.JPG,2024:09:05 12:16:05,iPhone 13 Pro Max
/Users/lucyschick/Library/CloudStorage/OneDrive-Personal/Projects/2024-073-sern-peace-fish-passage/data/photos/sorted/198692/IMG_5899.JPG,2024:09:05 12:26:02,iPhone 13 Pro Max
/Users/lucyschick/Library/CloudStorage/OneDrive-Personal/Projects/2024-073-sern-peace-fish-passage/data/photos/sorted/198692/20240905_142959_us_typical_2.JPG,2024:09:05 12:26:02,iPhone 13 Pro Max
/Users/lucyschick/Library/CloudStorage/OneDrive-Personal/Projects/2024-073-sern-peace-fish-passage/data/photos/sorted/198692/TC_00030.JPG,2024:09:05 14:31:56,iPhone 12 mini
/Users/lucyschick/Library/CloudStorage/OneDrive-Personal/Projects/2024-073-sern-peace-fish-passage/data/photos/sorted/198692/20240905_143218_outlet.JPG,2024:09:05 14:31:56,iPhone 12 mini
/Users/lucyschick/Library/CloudStorage/OneDrive-Personal/Projects/2024-073-sern-peace-fish-passage/data/photos/sorted/198692/TC_00031.JPG,2024:09:05 14:32:03,iPhone 12 mini
/Users/lucyschick/Library/CloudStorage/OneDrive-Personal/Projects/2024-073-sern-peace-fish-passage/data/photos/sorted/198692/20240905_143222_downstream.JPG,2024:09:05 14:32:03,iPhone 12 mini
/Users/lucyschick/Library/CloudStorage/OneDrive-Personal/Projects/2024-073-sern-peace-fish-passage/data/photos/sorted/198692/TC_00032.JPG,2024:09:05 14:39:31,iPhone 12 mini
/Users/lucyschick/Library/CloudStorage/OneDrive-Personal/Projects/2024-073-sern-peace-fish-passage/data/photos/sorted/198692/20240905_154022_ds_typical_2.JPG,2024:09:05 14:39:31,iPhone 12 mini
/Users/lucyschick/Library/CloudStorage/OneDrive-Personal/Projects/2024-073-sern-peace-fish-passage/data/photos/sorted/198692/TC_00034.JPG,2024:09:05 14:51:05,iPhone 12 mini
/Users/lucyschick/Library/CloudStorage/OneDrive-Personal/Projects/2024-073-sern-peace-fish-passage/data/photos/sorted/198692/20240905_153956_ds_pool.JPG,2024:09:05 14:51:05,iPhone 12 mini
/Users/lucyschick/Library/CloudStorage/OneDrive-Personal/Projects/2024-073-sern-peace-fish-passage/data/photos/sorted/198692/TC_00035.JPG,2024:09:05 14:51:32,iPhone 12 mini
/Users/lucyschick/Library/CloudStorage/OneDrive-Personal/Projects/2024-073-sern-peace-fish-passage/data/photos/sorted/198692/20240905_153941_ds_gravel.JPG,2024:09:05 14:51:32,iPhone 12 mini
/Users/lucyschick/Library/CloudStorage/OneDrive-Personal/Projects/2024-073-sern-peace-fish-passage/data/photos/sorted/198692/TC_00037.JPG,2024:09:05 14:57:53,iPhone 12 mini
/Users/lucyschick/Library/CloudStorage/OneDrive-Personal/Projects/2024-073-sern-peace-fish-passage/data/photos/sorted/198692/20240905_154043_ds_typical_1.JPG,2024:09:05 14:57:53,iPhone 12 mini
/Users/lucyschick/Library/CloudStorage/OneDrive-Personal/Projects/2024-073-sern-peace-fish-passage/data/photos/sorted/198669/IMG_5907.JPG,2024:09:05 15:33:32,iPhone 13 Pro Max
/Users/lucyschick/Library/CloudStorage/OneDrive-Personal/Projects/2024-073-sern-peace-fish-passage/data/photos/sorted/198669/20240905_164722_us_typical_1.JPG,2024:09:05 15:33:32,iPhone 13 Pro Max
/Users/lucyschick/Library/CloudStorage/OneDrive-Personal/Projects/2024-073-sern-peace-fish-passage/data/photos/sorted/198669/IMG_5909.JPG,2024:09:05 15:45:41,iPhone 13 Pro Max
/Users/lucyschick/Library/CloudStorage/OneDrive-Personal/Projects/2024-073-sern-peace-fish-passage/data/photos/sorted/198669/20240905_164452_us_gravel.JPG,2024:09:05 15:45:41,iPhone 13 Pro Max
/Users/lucyschick/Library/CloudStorage/OneDrive-Personal/Projects/2024-073-sern-peace-fish-passage/data/photos/sorted/198669/IMG_5917.JPG,2024:09:05 16:33:06,iPhone 13 Pro Max
/Users/lucyschick/Library/CloudStorage/OneDrive-Personal/Projects/2024-073-sern-peace-fish-passage/data/photos/sorted/198669/20240905_164712_us_pool.JPG,2024:09:05 16:33:06,iPhone 13 Pro Max
/Users/lucyschick/Library/CloudStorage/OneDrive-Personal/Projects/2024-073-sern-peace-fish-passage/data/photos/sorted/198669/TC_00045.JPG,2024:09:05 16:38:57,iPhone 12 mini
/Users/lucyschick/Library/CloudStorage/OneDrive-Personal/Projects/2024-073-sern-peace-fish-passage/data/photos/sorted/198669/20240905_173720_ds_pool.JPG,2024:09:05 16:38:57,iPhone 12 mini
/Users/lucyschick/Library/CloudStorage/OneDrive-Personal/Projects/2024-073-sern-peace-fish-passage/data/photos/sorted/198669/IMG_5919.JPG,2024:09:05 16:46:14,iPhone 13 Pro Max
/Users/lucyschick/Library/CloudStorage/OneDrive-Personal/Projects/2024-073-sern-peace-fish-passage/data/photos/sorted/198669/20240905_164725_us_typical_2.JPG,2024:09:05 16:46:14,iPhone 13 Pro Max
/Users/lucyschick/Library/CloudStorage/OneDrive-Personal/Projects/2024-073-sern-peace-fish-passage/data/photos/sorted/198669/TC_00046.JPG,2024:09:05 16:54:21,iPhone 12 mini
/Users/lucyschick/Library/CloudStorage/OneDrive-Personal/Projects/2024-073-sern-peace-fish-passage/data/photos/sorted/198669/20240905_173730_ds_typical_2.JPG,2024:09:05 16:54:21,iPhone 12 mini
/Users/lucyschick/Library/CloudStorage/OneDrive-Personal/Projects/2024-073-sern-peace-fish-passage/data/photos/sorted/198669/TC_00050.JPG,2024:09:05 17:05:52,iPhone 12 mini
/Users/lucyschick/Library/CloudStorage/OneDrive-Personal/Projects/2024-073-sern-peace-fish-passage/data/photos/sorted/198669/20240905_173723_ds_typical_1.JPG,2024:09:05 17:05:52,iPhone 12 mini
/Users/lucyschick/Library/CloudStorage/OneDrive-Personal/Projects/2024-073-sern-peace-fish-passage/data/photos/sorted/198669/TC_00051.JPG,2024:09:05 17:05:58,iPhone 12 mini
/Users/lucyschick/Library/CloudStorage/OneDrive-Personal/Projects/2024-073-sern-peace-fish-passage/data/photos/sorted/198669/20240905_173714_ds_gravel.JPG,2024:09:05 17:05:58,iPhone 12 mini
/Users/lucyschick/Library/CloudStorage/OneDrive-Personal/Projects/2024-073-sern-peace-fish-passage/data/photos/sorted/2201350/IMG_5920.JPG,2024:09:05 17:30:07,iPhone 13 Pro Max
/Users/lucyschick/Library/CloudStorage/OneDrive-Personal/Projects/2024-073-sern-peace-fish-passage/data/photos/sorted/2201350/20240905_175440_road.JPG,2024:09:05 17:30:07,iPhone 13 Pro Max
/Users/lucyschick/Library/CloudStorage/OneDrive-Personal/Projects/2024-073-sern-peace-fish-passage/data/photos/sorted/2201350/IMG_5921.JPG,2024:09:05 17:32:22,iPhone 13 Pro Max
/Users/lucyschick/Library/CloudStorage/OneDrive-Personal/Projects/2024-073-sern-peace-fish-passage/data/photos/sorted/2201350/20240905_175516_downstream.JPG,2024:09:05 17:32:22,iPhone 13 Pro Max
/Users/lucyschick/Library/CloudStorage/OneDrive-Personal/Projects/2024-073-sern-peace-fish-passage/data/photos/sorted/2201350/IMG_5922.JPG,2024:09:05 17:33:26,iPhone 13 Pro Max
/Users/lucyschick/Library/CloudStorage/OneDrive-Personal/Projects/2024-073-sern-peace-fish-passage/data/photos/sorted/2201350/20240905_175458_outlet.JPG,2024:09:05 17:33:26,iPhone 13 Pro Max
/Users/lucyschick/Library/CloudStorage/OneDrive-Personal/Projects/2024-073-sern-peace-fish-passage/data/photos/sorted/2201350/IMG_5924.JPG,2024:09:05 17:45:47,iPhone 13 Pro Max
/Users/lucyschick/Library/CloudStorage/OneDrive-Personal/Projects/2024-073-sern-peace-fish-passage/data/photos/sorted/2201350/20240905_175452_inlet.JPG,2024:09:05 17:45:47,iPhone 13 Pro Max
/Users/lucyschick/Library/CloudStorage/OneDrive-Personal/Projects/2024-073-sern-peace-fish-passage/data/photos/sorted/2201350/IMG_5925.JPG,2024:09:05 17:45:58,iPhone 13 Pro Max
/Users/lucyschick/Library/CloudStorage/OneDrive-Personal/Projects/2024-073-sern-peace-fish-passage/data/photos/sorted/2201350/20240905_175443_barrel.JPG,2024:09:05 17:45:58,iPhone 13 Pro Max
/Users/lucyschick/Library/CloudStorage/OneDrive-Personal/Projects/2024-073-sern-peace-fish-passage/data/photos/sorted/2201350/IMG_5926.JPG,2024:09:05 17:47:19,iPhone 13 Pro Max
/Users/lucyschick/Library/CloudStorage/OneDrive-Personal/Projects/2024-073-sern-peace-fish-passage/data/photos/sorted/2201350/20240905_175446_upstream.JPG,2024:09:05 17:47:19,iPhone 13 Pro Max
/Users/lucyschick/Library/CloudStorage/OneDrive-Personal/Projects/2024-073-sern-peace-fish-passage/data/photos/sorted/198669/TC_00055.JPG,2024:09:05 17:55:21,iPhone 12 mini
/Users/lucyschick/Library/CloudStorage/OneDrive-Personal/Projects/2024-073-sern-peace-fish-passage/data/photos/sorted/198669/20240905_180131_barrel.JPG,2024:09:05 17:55:21,iPhone 12 mini
/Users/lucyschick/Library/CloudStorage/OneDrive-Personal/Projects/2024-073-sern-peace-fish-passage/data/photos/sorted/2201350/IMG_5927.JPG,2024:09:05 17:56:45,iPhone 13 Pro Max
/Users/lucyschick/Library/CloudStorage/OneDrive-Personal/Projects/2024-073-sern-peace-fish-passage/data/photos/sorted/2201350/20240905_175654_paper_card.JPG,2024:09:05 17:56:45,iPhone 13 Pro Max
/Users/lucyschick/Library/CloudStorage/OneDrive-Personal/Projects/2024-073-sern-peace-fish-passage/data/photos/sorted/198669/TC_00056.JPG,2024:09:05 18:01:13,iPhone 12 mini
/Users/lucyschick/Library/CloudStorage/OneDrive-Personal/Projects/2024-073-sern-peace-fish-passage/data/photos/sorted/198669/20240905_180138_outlet.JPG,2024:09:05 18:01:13,iPhone 12 mini
/Users/lucyschick/Library/CloudStorage/OneDrive-Personal/Projects/2024-073-sern-peace-fish-passage/data/photos/sorted/198669/TC_00057.JPG,2024:09:05 18:01:19,iPhone 12 mini
/Users/lucyschick/Library/CloudStorage/OneDrive-Personal/Projects/2024-073-sern-peace-fish-passage/data/photos/sorted/198669/20240905_180150_downstream.JPG,2024:09:05 18:01:19,iPhone 12 mini
/Users/lucyschick/Library/CloudStorage/OneDrive-Personal/Projects/2024-073-sern-peace-fish-passage/data/photos/sorted/198669/TC_00058.JPG,2024:09:05 18:02:16,iPhone 12 mini
/Users/lucyschick/Library/CloudStorage/OneDrive-Personal/Projects/2024-073-sern-peace-fish-passage/data/photos/sorted/198669/20240905_180221_condition.JPG,2024:09:05 18:02:16,iPhone 12 mini
/Users/lucyschick/Library/CloudStorage/OneDrive-Personal/Projects/2024-073-sern-peace-fish-passage/data/photos/sorted/198669/TC_00059.JPG,2024:09:05 18:03:32,iPhone 12 mini
/Users/lucyschick/Library/CloudStorage/OneDrive-Personal/Projects/2024-073-sern-peace-fish-passage/data/photos/sorted/198669/20240905_180336_embankment_fill.JPG,2024:09:05 18:03:32,iPhone 12 mini
/Users/lucyschick/Library/CloudStorage/OneDrive-Personal/Projects/2024-073-sern-peace-fish-passage/data/photos/sorted/198669/TC_00060.JPG,2024:09:05 18:11:03,iPhone 12 mini
/Users/lucyschick/Library/CloudStorage/OneDrive-Personal/Projects/2024-073-sern-peace-fish-passage/data/photos/sorted/198669/20240905_181126_inlet.JPG,2024:09:05 18:11:03,iPhone 12 mini
/Users/lucyschick/Library/CloudStorage/OneDrive-Personal/Projects/2024-073-sern-peace-fish-passage/data/photos/sorted/198669/20240905_182113_blockage.JPG,2024:09:05 18:11:03,iPhone 12 mini
/Users/lucyschick/Library/CloudStorage/OneDrive-Personal/Projects/2024-073-sern-peace-fish-passage/data/photos/sorted/198669/TC_00061.JPG,2024:09:05 18:11:08,iPhone 12 mini
/Users/lucyschick/Library/CloudStorage/OneDrive-Personal/Projects/2024-073-sern-peace-fish-passage/data/photos/sorted/198669/20240905_181125_upstream.JPG,2024:09:05 18:11:08,iPhone 12 mini
/Users/lucyschick/Library/CloudStorage/OneDrive-Personal/Projects/2024-073-sern-peace-fish-passage/data/photos/sorted/198669/TC_00062.JPG,2024:09:05 18:15:19,iPhone 12 mini
/Users/lucyschick/Library/CloudStorage/OneDrive-Personal/Projects/2024-073-sern-peace-fish-passage/data/photos/sorted/198669/20240905_182130_inleterosion.JPG,2024:09:05 18:15:19,iPhone 12 mini
/Users/lucyschick/Library/CloudStorage/OneDrive-Personal/Projects/2024-073-sern-peace-fish-passage/data/photos/sorted/198669/TC_00063.JPG,2024:09:05 18:20:22,iPhone 12 mini
/Users/lucyschick/Library/CloudStorage/OneDrive-Personal/Projects/2024-073-sern-peace-fish-passage/data/photos/sorted/198669/20240905_182033_road.JPG,2024:09:05 18:20:22,iPhone 12 mini
/Users/lucyschick/Library/CloudStorage/OneDrive-Personal/Projects/2024-073-sern-peace-fish-passage/data/photos/sorted/198669/TC_00064.JPG,2024:09:05 18:21:01,iPhone 12 mini
/Users/lucyschick/Library/CloudStorage/OneDrive-Personal/Projects/2024-073-sern-peace-fish-passage/data/photos/sorted/198669/20240905_182120_paper_card.JPG,2024:09:05 18:21:01,iPhone 12 mini
/Users/lucyschick/Library/CloudStorage/OneDrive-Personal/Projects/2024-073-sern-peace-fish-passage/data/photos/sorted/125180/IMG_5930.JPG,2024:09:06 13:19:22,iPhone 13 Pro Max
/Users/lucyschick/Library/CloudStorage/OneDrive-Personal/Projects/2024-073-sern-peace-fish-passage/data/photos/sorted/125180/20240907_123415_us_ef1_typical_1.JPG,2024:09:06 13:19:22,iPhone 13 Pro Max
/Users/lucyschick/Library/CloudStorage/OneDrive-Personal/Projects/2024-073-sern-peace-fish-passage/data/photos/sorted/125180/IMG_5944.JPG,2024:09:07 10:18:48,iPhone 13 Pro Max
/Users/lucyschick/Library/CloudStorage/OneDrive-Personal/Projects/2024-073-sern-peace-fish-passage/data/photos/sorted/125180/20240907_123328_ds_ef1_typical_1.JPG,2024:09:07 10:18:48,iPhone 13 Pro Max
/Users/lucyschick/Library/CloudStorage/OneDrive-Personal/Projects/2024-073-sern-peace-fish-passage/data/photos/sorted/125180/IMG_5945.JPG,2024:09:07 10:18:58,iPhone 13 Pro Max
/Users/lucyschick/Library/CloudStorage/OneDrive-Personal/Projects/2024-073-sern-peace-fish-passage/data/photos/sorted/125180/20240907_123332_ds_ef1_typical_2.JPG,2024:09:07 10:18:58,iPhone 13 Pro Max
/Users/lucyschick/Library/CloudStorage/OneDrive-Personal/Projects/2024-073-sern-peace-fish-passage/data/photos/sorted/125180/IMG_5946.JPG,2024:09:07 11:05:07,iPhone 13 Pro Max
/Users/lucyschick/Library/CloudStorage/OneDrive-Personal/Projects/2024-073-sern-peace-fish-passage/data/photos/sorted/125180/20240907_123419_us_ef1_typical_2.JPG,2024:09:07 11:05:07,iPhone 13 Pro Max
/Users/lucyschick/Library/CloudStorage/OneDrive-Personal/Projects/2024-073-sern-peace-fish-passage/data/photos/sorted/125180/TC_00071.JPG,2024:09:07 12:30:56,iPhone 12 mini
/Users/lucyschick/Library/CloudStorage/OneDrive-Personal/Projects/2024-073-sern-peace-fish-passage/data/photos/sorted/125180/20240907_124635_road.JPG,2024:09:07 12:30:56,iPhone 12 mini
/Users/lucyschick/Library/CloudStorage/OneDrive-Personal/Projects/2024-073-sern-peace-fish-passage/data/photos/sorted/125180/TC_00072.JPG,2024:09:07 12:32:19,iPhone 12 mini
/Users/lucyschick/Library/CloudStorage/OneDrive-Personal/Projects/2024-073-sern-peace-fish-passage/data/photos/sorted/125180/20240907_124651_downstream.JPG,2024:09:07 12:32:19,iPhone 12 mini
/Users/lucyschick/Library/CloudStorage/OneDrive-Personal/Projects/2024-073-sern-peace-fish-passage/data/photos/sorted/125180/TC_00073.JPG,2024:09:07 12:32:26,iPhone 12 mini
/Users/lucyschick/Library/CloudStorage/OneDrive-Personal/Projects/2024-073-sern-peace-fish-passage/data/photos/sorted/125180/20240907_124647_outlet.JPG,2024:09:07 12:32:26,iPhone 12 mini
/Users/lucyschick/Library/CloudStorage/OneDrive-Personal/Projects/2024-073-sern-peace-fish-passage/data/photos/sorted/125180/TC_00074.JPG,2024:09:07 12:32:35,iPhone 12 mini
/Users/lucyschick/Library/CloudStorage/OneDrive-Personal/Projects/2024-073-sern-peace-fish-passage/data/photos/sorted/125180/20240907_124638_barrel.JPG,2024:09:07 12:32:35,iPhone 12 mini
/Users/lucyschick/Library/CloudStorage/OneDrive-Personal/Projects/2024-073-sern-peace-fish-passage/data/photos/sorted/125180/TC_00075.JPG,2024:09:07 12:46:08,iPhone 12 mini
/Users/lucyschick/Library/CloudStorage/OneDrive-Personal/Projects/2024-073-sern-peace-fish-passage/data/photos/sorted/125180/20240907_124641_upstream.JPG,2024:09:07 12:46:08,iPhone 12 mini
/Users/lucyschick/Library/CloudStorage/OneDrive-Personal/Projects/2024-073-sern-peace-fish-passage/data/photos/sorted/125180/TC_00076.JPG,2024:09:07 12:46:22,iPhone 12 mini
/Users/lucyschick/Library/CloudStorage/OneDrive-Personal/Projects/2024-073-sern-peace-fish-passage/data/photos/sorted/125180/20240907_124643_inlet.JPG,2024:09:07 12:46:22,iPhone 12 mini
/Users/lucyschick/Library/CloudStorage/OneDrive-Personal/Projects/2024-073-sern-peace-fish-passage/data/photos/sorted/125180/TC_00077.JPG,2024:09:07 12:47:17,iPhone 12 mini
/Users/lucyschick/Library/CloudStorage/OneDrive-Personal/Projects/2024-073-sern-peace-fish-passage/data/photos/sorted/125180/20240907_130505_inletdropononepipe.JPG,2024:09:07 12:47:17,iPhone 12 mini
/Users/lucyschick/Library/CloudStorage/OneDrive-Personal/Projects/2024-073-sern-peace-fish-passage/data/photos/sorted/125186/TC_00079.JPG,2024:09:07 13:13:43,iPhone 12 mini
/Users/lucyschick/Library/CloudStorage/OneDrive-Personal/Projects/2024-073-sern-peace-fish-passage/data/photos/sorted/125186/20240907_131827_road.JPG,2024:09:07 13:13:43,iPhone 12 mini
/Users/lucyschick/Library/CloudStorage/OneDrive-Personal/Projects/2024-073-sern-peace-fish-passage/data/photos/sorted/125186/TC_00080.JPG,2024:09:07 13:18:03,iPhone 12 mini
/Users/lucyschick/Library/CloudStorage/OneDrive-Personal/Projects/2024-073-sern-peace-fish-passage/data/photos/sorted/125186/20240907_131834_outlet.JPG,2024:09:07 13:18:03,iPhone 12 mini
/Users/lucyschick/Library/CloudStorage/OneDrive-Personal/Projects/2024-073-sern-peace-fish-passage/data/photos/sorted/125186/TC_00081.JPG,2024:09:07 13:18:11,iPhone 12 mini
/Users/lucyschick/Library/CloudStorage/OneDrive-Personal/Projects/2024-073-sern-peace-fish-passage/data/photos/sorted/125186/20240907_131836_downstream.JPG,2024:09:07 13:18:11,iPhone 12 mini
/Users/lucyschick/Library/CloudStorage/OneDrive-Personal/Projects/2024-073-sern-peace-fish-passage/data/photos/sorted/125186/TC_00082.JPG,2024:09:07 13:29:12,iPhone 12 mini
/Users/lucyschick/Library/CloudStorage/OneDrive-Personal/Projects/2024-073-sern-peace-fish-passage/data/photos/sorted/125186/20240907_133538_inlet.JPG,2024:09:07 13:29:12,iPhone 12 mini
/Users/lucyschick/Library/CloudStorage/OneDrive-Personal/Projects/2024-073-sern-peace-fish-passage/data/photos/sorted/125186/TC_00083.JPG,2024:09:07 13:29:18,iPhone 12 mini
/Users/lucyschick/Library/CloudStorage/OneDrive-Personal/Projects/2024-073-sern-peace-fish-passage/data/photos/sorted/125186/20240907_133527_barrel.JPG,2024:09:07 13:29:18,iPhone 12 mini
/Users/lucyschick/Library/CloudStorage/OneDrive-Personal/Projects/2024-073-sern-peace-fish-passage/data/photos/sorted/125186/TC_00084.JPG,2024:09:07 13:29:26,iPhone 12 mini
/Users/lucyschick/Library/CloudStorage/OneDrive-Personal/Projects/2024-073-sern-peace-fish-passage/data/photos/sorted/125186/20240907_133533_upstream.JPG,2024:09:07 13:29:26,iPhone 12 mini
/Users/lucyschick/Library/CloudStorage/OneDrive-Personal/Projects/2024-073-sern-peace-fish-passage/data/photos/sorted/125186/TC_00086.JPG,2024:09:07 13:35:59,iPhone 12 mini
/Users/lucyschick/Library/CloudStorage/OneDrive-Personal/Projects/2024-073-sern-peace-fish-passage/data/photos/sorted/125186/20240907_135841_subsurface.JPG,2024:09:07 13:35:59,iPhone 12 mini
/Users/lucyschick/Library/CloudStorage/OneDrive-Personal/Projects/2024-073-sern-peace-fish-passage/data/photos/sorted/125186/TC_00091.JPG,2024:09:07 13:57:53,iPhone 12 mini
/Users/lucyschick/Library/CloudStorage/OneDrive-Personal/Projects/2024-073-sern-peace-fish-passage/data/photos/sorted/125186/20240907_135825_paper_card.JPG,2024:09:07 13:57:53,iPhone 12 mini
/Users/lucyschick/Library/CloudStorage/OneDrive-Personal/Projects/2024-073-sern-peace-fish-passage/data/photos/sorted/125194/IMG_5965.JPG,2024:09:07 14:55:43,iPhone 13 Pro Max
/Users/lucyschick/Library/CloudStorage/OneDrive-Personal/Projects/2024-073-sern-peace-fish-passage/data/photos/sorted/125194/20240907_153112_ds_ef1_typical_1.JPG,2024:09:07 14:55:43,iPhone 13 Pro Max
/Users/lucyschick/Library/CloudStorage/OneDrive-Personal/Projects/2024-073-sern-peace-fish-passage/data/photos/sorted/125194/IMG_5968.JPG,2024:09:07 15:27:03,iPhone 13 Pro Max
/Users/lucyschick/Library/CloudStorage/OneDrive-Personal/Projects/2024-073-sern-peace-fish-passage/data/photos/sorted/125194/20240907_153116_ds_ef1_typical_2.JPG,2024:09:07 15:27:03,iPhone 13 Pro Max
/Users/lucyschick/Library/CloudStorage/OneDrive-Personal/Projects/2024-073-sern-peace-fish-passage/data/photos/sorted/125194/IMG_5969.JPG,2024:09:07 15:31:33,iPhone 13 Pro Max
/Users/lucyschick/Library/CloudStorage/OneDrive-Personal/Projects/2024-073-sern-peace-fish-passage/data/photos/sorted/125194/20240907_153138_ds_ef1_card.JPG,2024:09:07 15:31:33,iPhone 13 Pro Max
/Users/lucyschick/Library/CloudStorage/OneDrive-Personal/Projects/2024-073-sern-peace-fish-passage/data/photos/sorted/125179/IMG_5988.JPG,2024:09:09 12:05:21,iPhone 13 Pro Max
/Users/lucyschick/Library/CloudStorage/OneDrive-Personal/Projects/2024-073-sern-peace-fish-passage/data/photos/sorted/125179/20240909_121647_ds_ef1_typical_1.JPG,2024:09:09 12:05:21,iPhone 13 Pro Max
/Users/lucyschick/Library/CloudStorage/OneDrive-Personal/Projects/2024-073-sern-peace-fish-passage/data/photos/sorted/125179/IMG_5991.JPG,2024:09:09 12:11:27,iPhone 13 Pro Max
/Users/lucyschick/Library/CloudStorage/OneDrive-Personal/Projects/2024-073-sern-peace-fish-passage/data/photos/sorted/125179/20240909_121657_ds_ef1_typical_2.JPG,2024:09:09 12:11:27,iPhone 13 Pro Max
/Users/lucyschick/Library/CloudStorage/OneDrive-Personal/Projects/2024-073-sern-peace-fish-passage/data/photos/sorted/125179/IMG_5997.JPG,2024:09:09 13:07:31,iPhone 13 Pro Max
/Users/lucyschick/Library/CloudStorage/OneDrive-Personal/Projects/2024-073-sern-peace-fish-passage/data/photos/sorted/125179/20240909_134801_us_ef1_typical_1.JPG,2024:09:09 13:07:31,iPhone 13 Pro Max
/Users/lucyschick/Library/CloudStorage/OneDrive-Personal/Projects/2024-073-sern-peace-fish-passage/data/photos/sorted/125179/IMG_5999.JPG,2024:09:09 13:41:26,iPhone 13 Pro Max
/Users/lucyschick/Library/CloudStorage/OneDrive-Personal/Projects/2024-073-sern-peace-fish-passage/data/photos/sorted/125179/20240909_134803_us_ef1_typical_2.JPG,2024:09:09 13:41:26,iPhone 13 Pro Max
/Users/lucyschick/Library/CloudStorage/OneDrive-Personal/Projects/2024-073-sern-peace-fish-passage/data/photos/sorted/125179/IMG_6005.JPG,2024:09:09 14:24:39,iPhone 13 Pro Max
/Users/lucyschick/Library/CloudStorage/OneDrive-Personal/Projects/2024-073-sern-peace-fish-passage/data/photos/sorted/125179/20240909_143944_road.JPG,2024:09:09 14:24:39,iPhone 13 Pro Max
/Users/lucyschick/Library/CloudStorage/OneDrive-Personal/Projects/2024-073-sern-peace-fish-passage/data/photos/sorted/125179/IMG_6006.JPG,2024:09:09 14:24:52,iPhone 13 Pro Max
/Users/lucyschick/Library/CloudStorage/OneDrive-Personal/Projects/2024-073-sern-peace-fish-passage/data/photos/sorted/125179/20240909_144122_upstream.JPG,2024:09:09 14:24:52,iPhone 13 Pro Max
/Users/lucyschick/Library/CloudStorage/OneDrive-Personal/Projects/2024-073-sern-peace-fish-passage/data/photos/sorted/125179/IMG_6007.JPG,2024:09:09 14:25:00,iPhone 13 Pro Max
/Users/lucyschick/Library/CloudStorage/OneDrive-Personal/Projects/2024-073-sern-peace-fish-passage/data/photos/sorted/125179/20240909_144156_downstream.JPG,2024:09:09 14:25:00,iPhone 13 Pro Max
/Users/lucyschick/Library/CloudStorage/OneDrive-Personal/Projects/2024-073-sern-peace-fish-passage/data/photos/sorted/125179/IMG_6008.JPG,2024:09:09 14:25:24,iPhone 13 Pro Max
/Users/lucyschick/Library/CloudStorage/OneDrive-Personal/Projects/2024-073-sern-peace-fish-passage/data/photos/sorted/125179/20240909_144129_inlet.JPG,2024:09:09 14:25:24,iPhone 13 Pro Max
/Users/lucyschick/Library/CloudStorage/OneDrive-Personal/Projects/2024-073-sern-peace-fish-passage/data/photos/sorted/125179/IMG_6010.JPG,2024:09:09 14:25:53,iPhone 13 Pro Max
/Users/lucyschick/Library/CloudStorage/OneDrive-Personal/Projects/2024-073-sern-peace-fish-passage/data/photos/sorted/125179/20240909_144112_barrel.JPG,2024:09:09 14:25:53,iPhone 13 Pro Max
/Users/lucyschick/Library/CloudStorage/OneDrive-Personal/Projects/2024-073-sern-peace-fish-passage/data/photos/sorted/125179/IMG_6013.JPG,2024:09:09 14:28:07,iPhone 13 Pro Max
/Users/lucyschick/Library/CloudStorage/OneDrive-Personal/Projects/2024-073-sern-peace-fish-passage/data/photos/sorted/125179/20240909_144312_velocity.JPG,2024:09:09 14:28:07,iPhone 13 Pro Max
/Users/lucyschick/Library/CloudStorage/OneDrive-Personal/Projects/2024-073-sern-peace-fish-passage/data/photos/sorted/125179/IMG_6014.JPG,2024:09:09 14:28:27,iPhone 13 Pro Max
/Users/lucyschick/Library/CloudStorage/OneDrive-Personal/Projects/2024-073-sern-peace-fish-passage/data/photos/sorted/125179/20240909_144149_outlet.JPG,2024:09:09 14:28:27,iPhone 13 Pro Max
/Users/lucyschick/Library/CloudStorage/OneDrive-Personal/Projects/2024-073-sern-peace-fish-passage/data/photos/sorted/125179/IMG_6018.JPG,2024:09:09 14:42:32,iPhone 13 Pro Max
/Users/lucyschick/Library/CloudStorage/OneDrive-Personal/Projects/2024-073-sern-peace-fish-passage/data/photos/sorted/125179/20240909_144239_revegetation.JPG,2024:09:09 14:42:32,iPhone 13 Pro Max
/Users/lucyschick/Library/CloudStorage/OneDrive-Personal/Projects/2024-073-sern-peace-fish-passage/data/photos/sorted/125231/IMG_6034.JPG,2024:09:10 11:11:53,iPhone 13 Pro Max
/Users/lucyschick/Library/CloudStorage/OneDrive-Personal/Projects/2024-073-sern-peace-fish-passage/data/photos/sorted/125231/20240910_111549_ds_ef1_typical_1.JPG,2024:09:10 11:11:53,iPhone 13 Pro Max
/Users/lucyschick/Library/CloudStorage/OneDrive-Personal/Projects/2024-073-sern-peace-fish-passage/data/photos/sorted/125231/IMG_6035.JPG,2024:09:10 11:11:59,iPhone 13 Pro Max
/Users/lucyschick/Library/CloudStorage/OneDrive-Personal/Projects/2024-073-sern-peace-fish-passage/data/photos/sorted/125231/20240910_111553_ds_ef1_typical_2.JPG,2024:09:10 11:11:59,iPhone 13 Pro Max
/Users/lucyschick/Library/CloudStorage/OneDrive-Personal/Projects/2024-073-sern-peace-fish-passage/data/photos/sorted/125231/IMG_6040.JPG,2024:09:10 11:43:19,iPhone 13 Pro Max
/Users/lucyschick/Library/CloudStorage/OneDrive-Personal/Projects/2024-073-sern-peace-fish-passage/data/photos/sorted/125231/20240910_123740_us_ef1_typical_1.JPG,2024:09:10 11:43:19,iPhone 13 Pro Max
/Users/lucyschick/Library/CloudStorage/OneDrive-Personal/Projects/2024-073-sern-peace-fish-passage/data/photos/sorted/125231/IMG_6043.JPG,2024:09:10 12:28:48,iPhone 13 Pro Max
/Users/lucyschick/Library/CloudStorage/OneDrive-Personal/Projects/2024-073-sern-peace-fish-passage/data/photos/sorted/125231/20240910_123747_us_ef1_typical_2.JPG,2024:09:10 12:28:48,iPhone 13 Pro Max
/Users/lucyschick/Library/CloudStorage/OneDrive-Personal/Projects/2024-073-sern-peace-fish-passage/data/photos/sorted/125231/IMG_6063.JPG,2024:09:10 15:34:35,iPhone 13 Pro Max
/Users/lucyschick/Library/CloudStorage/OneDrive-Personal/Projects/2024-073-sern-peace-fish-passage/data/photos/sorted/125231/20240910_155305_road.JPG,2024:09:10 15:34:35,iPhone 13 Pro Max
/Users/lucyschick/Library/CloudStorage/OneDrive-Personal/Projects/2024-073-sern-peace-fish-passage/data/photos/sorted/125231/20240910_154216_road.JPG,2024:09:10 15:34:35,iPhone 13 Pro Max
/Users/lucyschick/Library/CloudStorage/OneDrive-Personal/Projects/2024-073-sern-peace-fish-passage/data/photos/sorted/125231/IMG_6064.JPG,2024:09:10 15:37:44,iPhone 13 Pro Max
/Users/lucyschick/Library/CloudStorage/OneDrive-Personal/Projects/2024-073-sern-peace-fish-passage/data/photos/sorted/125231/20240910_155315_upstream.JPG,2024:09:10 15:37:44,iPhone 13 Pro Max
/Users/lucyschick/Library/CloudStorage/OneDrive-Personal/Projects/2024-073-sern-peace-fish-passage/data/photos/sorted/125231/20240910_154230_upstream.JPG,2024:09:10 15:37:44,iPhone 13 Pro Max
/Users/lucyschick/Library/CloudStorage/OneDrive-Personal/Projects/2024-073-sern-peace-fish-passage/data/photos/sorted/125231/IMG_6065.JPG,2024:09:10 15:37:52,iPhone 13 Pro Max
/Users/lucyschick/Library/CloudStorage/OneDrive-Personal/Projects/2024-073-sern-peace-fish-passage/data/photos/sorted/125231/20240910_154301_downstream.JPG,2024:09:10 15:37:52,iPhone 13 Pro Max
/Users/lucyschick/Library/CloudStorage/OneDrive-Personal/Projects/2024-073-sern-peace-fish-passage/data/photos/sorted/125231/20240910_155329_downstream.JPG,2024:09:10 15:37:52,iPhone 13 Pro Max
/Users/lucyschick/Library/CloudStorage/OneDrive-Personal/Projects/2024-073-sern-peace-fish-passage/data/photos/sorted/125231/IMG_6066.JPG,2024:09:10 15:38:11,iPhone 13 Pro Max
/Users/lucyschick/Library/CloudStorage/OneDrive-Personal/Projects/2024-073-sern-peace-fish-passage/data/photos/sorted/125231/20240910_155320_inlet.JPG,2024:09:10 15:38:11,iPhone 13 Pro Max
/Users/lucyschick/Library/CloudStorage/OneDrive-Personal/Projects/2024-073-sern-peace-fish-passage/data/photos/sorted/125231/20240910_154237_inlet.JPG,2024:09:10 15:38:11,iPhone 13 Pro Max
/Users/lucyschick/Library/CloudStorage/OneDrive-Personal/Projects/2024-073-sern-peace-fish-passage/data/photos/sorted/125231/IMG_6067.JPG,2024:09:10 15:38:23,iPhone 13 Pro Max
/Users/lucyschick/Library/CloudStorage/OneDrive-Personal/Projects/2024-073-sern-peace-fish-passage/data/photos/sorted/125231/20240910_154225_barrel.JPG,2024:09:10 15:38:23,iPhone 13 Pro Max
/Users/lucyschick/Library/CloudStorage/OneDrive-Personal/Projects/2024-073-sern-peace-fish-passage/data/photos/sorted/125231/20240910_155312_barrel.JPG,2024:09:10 15:38:23,iPhone 13 Pro Max
/Users/lucyschick/Library/CloudStorage/OneDrive-Personal/Projects/2024-073-sern-peace-fish-passage/data/photos/sorted/125231/IMG_6068.JPG,2024:09:10 15:39:00,iPhone 13 Pro Max
/Users/lucyschick/Library/CloudStorage/OneDrive-Personal/Projects/2024-073-sern-peace-fish-passage/data/photos/sorted/125231/20240910_154255_outlet.JPG,2024:09:10 15:39:00,iPhone 13 Pro Max
/Users/lucyschick/Library/CloudStorage/OneDrive-Personal/Projects/2024-073-sern-peace-fish-passage/data/photos/sorted/125231/20240910_155326_outlet.JPG,2024:09:10 15:39:00,iPhone 13 Pro Max
/Users/lucyschick/Library/CloudStorage/OneDrive-Personal/Projects/2024-073-sern-peace-fish-passage/data/photos/sorted/125231/IMG_6069.JPG,2024:09:10 15:39:49,iPhone 13 Pro Max
/Users/lucyschick/Library/CloudStorage/OneDrive-Personal/Projects/2024-073-sern-peace-fish-passage/data/photos/sorted/125231/20240910_155458_velocity.JPG,2024:09:10 15:39:49,iPhone 13 Pro Max
/Users/lucyschick/Library/CloudStorage/OneDrive-Personal/Projects/2024-073-sern-peace-fish-passage/data/photos/sorted/125231/IMG_6070.JPG,2024:09:10 15:40:54,iPhone 13 Pro Max
/Users/lucyschick/Library/CloudStorage/OneDrive-Personal/Projects/2024-073-sern-peace-fish-passage/data/photos/sorted/125231/20240910_154323_dsfromunderbridge.JPG,2024:09:10 15:40:54,iPhone 13 Pro Max
/Users/lucyschick/Library/CloudStorage/OneDrive-Personal/Projects/2024-073-sern-peace-fish-passage/data/photos/sorted/125231/20240910_155514_dsfromunderbridge.JPG,2024:09:10 15:40:54,iPhone 13 Pro Max
/Users/lucyschick/Library/CloudStorage/OneDrive-Personal/Projects/2024-073-sern-peace-fish-passage/data/photos/sorted/125231/IMG_6071.JPG,2024:09:10 15:41:06,iPhone 13 Pro Max
/Users/lucyschick/Library/CloudStorage/OneDrive-Personal/Projects/2024-073-sern-peace-fish-passage/data/photos/sorted/125231/20240910_154347_usfromunderbridge.JPG,2024:09:10 15:41:06,iPhone 13 Pro Max
/Users/lucyschick/Library/CloudStorage/OneDrive-Personal/Projects/2024-073-sern-peace-fish-passage/data/photos/sorted/125231/20240910_155528_usfromunderbridge.JPG,2024:09:10 15:41:06,iPhone 13 Pro Max
/Users/lucyschick/Library/CloudStorage/OneDrive-Personal/Projects/2024-073-sern-peace-fish-passage/data/photos/sorted/125231/IMG_6072.JPG,2024:09:10 15:53:53,iPhone 13 Pro Max
/Users/lucyschick/Library/CloudStorage/OneDrive-Personal/Projects/2024-073-sern-peace-fish-passage/data/photos/sorted/125231/20240910_155402_stability.JPG,2024:09:10 15:53:53,iPhone 13 Pro Max
/Users/lucyschick/Library/CloudStorage/OneDrive-Personal/Projects/2024-073-sern-peace-fish-passage/data/photos/sorted/125231/IMG_6073.JPG,2024:09:10 15:54:20,iPhone 13 Pro Max
/Users/lucyschick/Library/CloudStorage/OneDrive-Personal/Projects/2024-073-sern-peace-fish-passage/data/photos/sorted/125231/20240910_155426_revegetation.JPG,2024:09:10 15:54:20,iPhone 13 Pro Max
/Users/lucyschick/Library/CloudStorage/OneDrive-Personal/Projects/2024-073-sern-peace-fish-passage/data/photos/sorted/125261/IMG_6084.JPG,2024:09:11 10:05:49,iPhone 13 Pro Max
/Users/lucyschick/Library/CloudStorage/OneDrive-Personal/Projects/2024-073-sern-peace-fish-passage/data/photos/sorted/125261/20240911_112457_ds_ef1_typical_1.JPG,2024:09:11 10:05:49,iPhone 13 Pro Max
/Users/lucyschick/Library/CloudStorage/OneDrive-Personal/Projects/2024-073-sern-peace-fish-passage/data/photos/sorted/125261/IMG_6085.JPG,2024:09:11 10:05:54,iPhone 13 Pro Max
/Users/lucyschick/Library/CloudStorage/OneDrive-Personal/Projects/2024-073-sern-peace-fish-passage/data/photos/sorted/125261/20240911_112500_ds_ef1_typical_2.JPG,2024:09:11 10:05:54,iPhone 13 Pro Max
/Users/lucyschick/Library/CloudStorage/OneDrive-Personal/Projects/2024-073-sern-peace-fish-passage/data/photos/sorted/125261/IMG_6087.JPG,2024:09:11 11:20:57,iPhone 13 Pro Max
/Users/lucyschick/Library/CloudStorage/OneDrive-Personal/Projects/2024-073-sern-peace-fish-passage/data/photos/sorted/125261/20240911_112512_ds_ef2_typical_1.JPG,2024:09:11 11:20:57,iPhone 13 Pro Max
/Users/lucyschick/Library/CloudStorage/OneDrive-Personal/Projects/2024-073-sern-peace-fish-passage/data/photos/sorted/125261/IMG_6089.JPG,2024:09:11 11:24:38,iPhone 13 Pro Max
/Users/lucyschick/Library/CloudStorage/OneDrive-Personal/Projects/2024-073-sern-peace-fish-passage/data/photos/sorted/125261/20240911_112515_ds_ef2_typical_2.JPG,2024:09:11 11:24:38,iPhone 13 Pro Max
/Users/lucyschick/Library/CloudStorage/OneDrive-Personal/Projects/2024-073-sern-peace-fish-passage/data/photos/sorted/125261/IMG_6098.JPG,2024:09:11 13:07:55,iPhone 13 Pro Max
/Users/lucyschick/Library/CloudStorage/OneDrive-Personal/Projects/2024-073-sern-peace-fish-passage/data/photos/sorted/125261/20240911_143803_us_ef1_typical_1.JPG,2024:09:11 13:07:55,iPhone 13 Pro Max
/Users/lucyschick/Library/CloudStorage/OneDrive-Personal/Projects/2024-073-sern-peace-fish-passage/data/photos/sorted/125261/IMG_6100.JPG,2024:09:11 13:53:21,iPhone 13 Pro Max
/Users/lucyschick/Library/CloudStorage/OneDrive-Personal/Projects/2024-073-sern-peace-fish-passage/data/photos/sorted/125261/20240911_143805_us_ef1_typical_2.JPG,2024:09:11 13:53:21,iPhone 13 Pro Max
/Users/lucyschick/Library/CloudStorage/OneDrive-Personal/Projects/2024-073-sern-peace-fish-passage/data/photos/sorted/125261/IMG_6102.JPG,2024:09:11 14:02:21,iPhone 13 Pro Max
/Users/lucyschick/Library/CloudStorage/OneDrive-Personal/Projects/2024-073-sern-peace-fish-passage/data/photos/sorted/125261/20240911_143406_us_ef2_typical_1.JPG,2024:09:11 14:02:21,iPhone 13 Pro Max
/Users/lucyschick/Library/CloudStorage/OneDrive-Personal/Projects/2024-073-sern-peace-fish-passage/data/photos/sorted/125261/IMG_6104.JPG,2024:09:11 14:31:28,iPhone 13 Pro Max
/Users/lucyschick/Library/CloudStorage/OneDrive-Personal/Projects/2024-073-sern-peace-fish-passage/data/photos/sorted/125261/20240911_143408_us_ef2_typical_2.JPG,2024:09:11 14:31:28,iPhone 13 Pro Max
/Users/lucyschick/Library/CloudStorage/OneDrive-Personal/Projects/2024-073-sern-peace-fish-passage/data/photos/sorted/198692/IMG_6132.JPG,2024:09:12 10:47:05,iPhone 13 Pro Max
/Users/lucyschick/Library/CloudStorage/OneDrive-Personal/Projects/2024-073-sern-peace-fish-passage/data/photos/sorted/198692/20240912_104931_ds_ef1_typical_1.JPG,2024:09:12 10:47:05,iPhone 13 Pro Max
/Users/lucyschick/Library/CloudStorage/OneDrive-Personal/Projects/2024-073-sern-peace-fish-passage/data/photos/sorted/198692/IMG_6133.JPG,2024:09:12 10:47:11,iPhone 13 Pro Max
/Users/lucyschick/Library/CloudStorage/OneDrive-Personal/Projects/2024-073-sern-peace-fish-passage/data/photos/sorted/198692/20240912_104934_ds_ef1_typical_2.JPG,2024:09:12 10:47:11,iPhone 13 Pro Max
/Users/lucyschick/Library/CloudStorage/OneDrive-Personal/Projects/2024-073-sern-peace-fish-passage/data/photos/sorted/198692/IMG_6135.JPG,2024:09:12 11:01:38,iPhone 13 Pro Max
/Users/lucyschick/Library/CloudStorage/OneDrive-Personal/Projects/2024-073-sern-peace-fish-passage/data/photos/sorted/198692/20240912_110414_ds_ef2_typical_1.JPG,2024:09:12 11:01:38,iPhone 13 Pro Max
/Users/lucyschick/Library/CloudStorage/OneDrive-Personal/Projects/2024-073-sern-peace-fish-passage/data/photos/sorted/198692/IMG_6136.JPG,2024:09:12 11:01:48,iPhone 13 Pro Max
/Users/lucyschick/Library/CloudStorage/OneDrive-Personal/Projects/2024-073-sern-peace-fish-passage/data/photos/sorted/198692/20240912_110416_ds_ef2_typical_2.JPG,2024:09:12 11:01:48,iPhone 13 Pro Max
/Users/lucyschick/Library/CloudStorage/OneDrive-Personal/Projects/2024-073-sern-peace-fish-passage/data/photos/sorted/198692/IMG_6144.JPG,2024:09:12 13:42:25,iPhone 13 Pro Max
/Users/lucyschick/Library/CloudStorage/OneDrive-Personal/Projects/2024-073-sern-peace-fish-passage/data/photos/sorted/198692/20240912_142822_us_ef1_typical_1.JPG,2024:09:12 13:42:25,iPhone 13 Pro Max
/Users/lucyschick/Library/CloudStorage/OneDrive-Personal/Projects/2024-073-sern-peace-fish-passage/data/photos/sorted/198692/IMG_6147.JPG,2024:09:12 14:28:10,iPhone 13 Pro Max
/Users/lucyschick/Library/CloudStorage/OneDrive-Personal/Projects/2024-073-sern-peace-fish-passage/data/photos/sorted/198692/20240912_142825_us_ef1_typical_2.JPG,2024:09:12 14:28:10,iPhone 13 Pro Max
